-- phpMyAdmin SQL Dump
-- version 5.0.2
-- https://www.phpmyadmin.net/
--
-- Host: 127.0.0.1
-- Generation Time: Nov 05, 2020 at 01:37 AM
-- Server version: 10.4.14-MariaDB
-- PHP Version: 7.2.33

SET SQL_MODE = "NO_AUTO_VALUE_ON_ZERO";
START TRANSACTION;
SET time_zone = "+00:00";


/*!40101 SET @OLD_CHARACTER_SET_CLIENT=@@CHARACTER_SET_CLIENT */;
/*!40101 SET @OLD_CHARACTER_SET_RESULTS=@@CHARACTER_SET_RESULTS */;
/*!40101 SET @OLD_COLLATION_CONNECTION=@@COLLATION_CONNECTION */;
/*!40101 SET NAMES utf8mb4 */;

--
-- Database: `project1lan2`
--

-- --------------------------------------------------------

--
-- Table structure for table `product`
--
CREATE TABLE CATEGORY (
	CATE_ID int(11) NOT NULL AUTO_INCREMENT,
	CATE_NAME VARCHAR(50) NOT NULL,
	PRIMARY KEY(CATE_ID)
) ENGINE=InnoDB DEFAULT CHARSET=utf8mb4;

CREATE TABLE PRODUCT (
	PRODUCT_ID INT(11) NOT NULL AUTO_INCREMENT,
	PRODUCT_NAME VARCHAR(50) NOT NULL,
	PRODUCT_PRICE INT  NOT NULL ,
	PRODUCT_IMG VARCHAR(255) NOT NULL,
	PRODUCT_STATUS INT NOT NULL,
	PRODUCT_SIZE VARCHAR(10) NOT NULL,
	PRODUCT_DETAIL VARCHAR(50) NOT NULL,
	CATE_ID INT ,
	FOREIGN KEY (CATE_ID) REFERENCES CATEGORY(CATE_ID),
	PRIMARY KEY(PRODUCT_ID)
) ENGINE=InnoDB DEFAULT CHARSET=utf8mb4;

CREATE TABLE CUSTOMER (
	CUS_ID INT(11) NOT NULL AUTO_INCREMENT,
	CUS_NAME VARCHAR(50) NOT NULL,
	CUS_EMAIL VARCHAR(50) NOT NULL,
	CUS_PHONENUMBER VARCHAR(10) NOT NULL,
	CUS_ADDRESS VARCHAR(50) NOT NULL,
	PRIMARY KEY(CUS_ID)
) ENGINE=InnoDB DEFAULT CHARSET=utf8mb4;




CREATE TABLE EMPLOYEE (
	EMP_ID INT(11) NOT NULL AUTO_INCREMENT,
	EMP_NAME VARCHAR(50) NOT NULL,
	EMP_MAIL VARCHAR(50) NOT NULL,
	EMP_PASS VARCHAR(50) NOT NULL,
	EMP_ADLEVEL INT(1) NOT NULL,
	PRIMARY KEY (EMP_ID)
) ENGINE=InnoDB DEFAULT CHARSET=utf8mb4;




CREATE TABLE RECEIPT (
	RECT_ID INT(11) NOT NULL AUTO_INCREMENT,
	RECT_DATE DATETIME NOT NULL DEFAULT CURDATE() ,
	CUS_ID INT(11),
	RECT_PRICE INT(11)  NOT NULL,
	FOREIGN KEY (CUS_ID) REFERENCES CUSTOMER(CUS_ID),
	PRIMARY KEY(RECT_ID)
) ENGINE=InnoDB DEFAULT CHARSET=utf8mb4;



CREATE TABLE RECEIPT_DETAIL (
	RECTDETAIL_ID INT(11) NOT NULL AUTO_INCREMENT,
	RECT_ID INT(11),
	FOREIGN KEY (RECT_ID) REFERENCES RECEIPT(RECT_ID),
	AMOUNT INT NOT NULL,
	PRODUCT_ID INT(11) ,
	FOREIGN KEY (PRODUCT_ID) REFERENCES PRODUCT(PRODUCT_ID),
	PRIMARY KEY(RECTDETAIL_ID)
) ENGINE=InnoDB DEFAULT CHARSET=utf8mb4;



CREATE TABLE RECEIPT_STATUS (
	STATUS_ID INT(11) NOT NULL  AUTO_INCREMENT,
	RECT_ID  INT(11) ,
	FOREIGN KEY (RECT_ID) REFERENCES RECEIPT(RECT_ID),
	STATUS INT(1) NOT NULL,
	PRIMARY KEY(STATUS_ID)
) ENGINE=InnoDB DEFAULT CHARSET=utf8mb4;


INSERT INTO CATEGORY VALUES
('1','ÁO SOMI'),
('2','ÁO PHÔNG'),
('3','ÁO ÂU'),
('4','ÁO 3 LỖ'),
('5','QUẦN');


INSERT INTO PRODUCT VALUES
('1','ÁO SOMI TRẮNG',500000,'1.png','1','XL','LÀM BẰNG VẢI THÔ','1'),
('2','ÁO SOMI XANH',700000,'2.png','1','2XL','LÀM BẰNG VẢI THÔ','1'),
('3','ÁO SOMI SỌC',450000,'3.png','0','L','LÀM BẰNG VẢI THÔ','1'),
('4','ÁO SOMI ĐỐM',900000,'4.png','0','L','LÀM BẰNG VẢI XỊN','1'),
('5','ÁO SOMI CHẤM BI',620000,'5.png','0','L','LÀM BẰNG VẢI THƯỜNG','1'),
('6','ÁO PHÔNG TRẮNG',780000,'6.png','1','M','LÀM BẰNG VẢI XỊN','2'),
('7','ÁO PHÔNG XANH',950000,'7.png','0','2XL','LÀM BẰNG VẢI SIEUCAPVIPPRO','2'),
('8','ÁO PHÔNG NHẠT',1000000,'8.png','1','S','LÀM BẰNG VẢI ÂU','2'),
('9','ÁO PHÔNG SỌC',1050000,'9.png','0','M','LÀM BẰNG VẢI ÂU','2'),
('10','ÁO ÂU ĐỎ',1200000,'10.png','1','M','LÀM BẰNG VẢI ÂU','3');

INSERT INTO EMPLOYEE VALUES
('1','Tú','tu@gmail.com','123456',1),
('2','Phúc','phuc@gmail.com','123456',1);











